Row,SKU,Name (AR),Category,Color,Remote,Mobile,Bluetooth,Image Status,Confidence,Notes
59,X18113-450GD-APP,نجف معلق ذهبي - X18113,نجف,ذهبي,True,True,False,present_unreadable,Confirmed,
60,X18116-450GD-APP,نجف معلق ذهبي - X18116,نجف,ذهبي,True,True,False,present_unreadable,Confirmed,
61,X18123-450GD-APP,نجف معلق ذهبي - X18123,نجف,ذهبي,True,True,False,present_unreadable,Confirmed,
62,X18124-450GD-APP,نجف معلق ذهبي - X18124,نجف,ذهبي,True,True,False,present_unreadable,Confirmed,
63,X18126-450GD-APP,نجف معلق ذهبي - X18126,نجف,ذهبي,True,True,False,present_unreadable,Confirmed,
64,X18127-450GD-APP,نجف معلق ذهبي - X18127,نجف,ذهبي,True,True,False,present_unreadable,Confirmed,
65,X18130-450GD-APP,نجف معلق ذهبي - X18130,نجف,ذهبي,True,True,False,present_unreadable,Confirmed,
123,R-U808-600-GD-APP,نجف معلق ذهبي - R-U808 (8049),نجف,ذهبي,True,True,False,present_uncertain,Needs review,
124,R-U808-800*300-GD-APP,نجف معلق ذهبي - R-U808 (8049),نجف,ذهبي,True,True,False,no_image,Needs review,
125,R-U808-800*300-RG-APP,نجف معلق - R-U808 (8049),نجف,,True,True,False,no_image,Needs review,
140,R-U821-450-CRD-APP,نجف معلق - R-U821 (8073),نجف,,True,True,False,mismatched_unresolved,Needs review,
163,R-U845-600-CRD-APP,نجف معلق - R-U845 (8078),نجف,,True,True,False,present_uncertain,Needs review,
164,R-U846-600-GD-APP,نجف معلق ذهبي - R-U846 (8046),نجف,ذهبي,True,True,False,present_uncertain,Needs review,
165,R-U847-APP-GD,نجف معلق ذهبي - R-U847 (8063),نجف,ذهبي,True,True,False,present_uncertain,Needs review,
166,R-U849-GD-APP,نجف معلق ذهبي - R-U849 (8068),نجف,ذهبي,True,True,False,present_uncertain,Needs review,
167,R-U850-GD-APP,نجف معلق ذهبي - R-U850 (8069),نجف,ذهبي,True,True,False,present_uncertain,Needs review,
168,R-U854-450-RG-APP,نجف معلق - R-U854 (8074),نجف,,True,True,False,mismatched_unresolved,Needs review,
181,R-7712-900-CH-APP,وحدة إضاءة كروم/فضي - R-7712,,كروم/فضي,True,True,False,matched_via_descr,Needs review,"; Possible size conflict: embedded image/descr shows 700-CH, a loose photo (WhatsApp...4.15.07 PM.jpeg) shows the same family at 900-CH. Both cannot be confirmed correct without further check."
228,HT-102-APP-BK,نجف معلق أسود - HT-102(HT805),نجف,أسود,True,True,False,matched_via_descr,Needs review,
229,HT-818-APP-CF,نجف معلق - HT-818 ,نجف,,True,True,False,no_image,Needs review,Image reassigned to sibling row 230 (APP-BK) based on color/model match; row 229 (APP-CF) had no reliable image of its own.
230,HT-818-APP-BK,نجف معلق أسود - HT-818 ,نجف,أسود,True,True,False,present_unverified,Needs review,Image recovered from row 229's embedded photo (originally misattached); confirmed by descr 'R-HT-818-APP-BK' matching this row's color/family exactly.
231,HT-818-APP-WH,نجف معلق أبيض - HT-818 ,نجف,أبيض,True,True,False,no_image,Needs review,
232,HT-818-APP-CG,نجف معلق - HT-818 ,نجف,,True,True,False,no_image,Needs review,
233,HT-818-APP-GD,نجف معلق ذهبي - HT-818 ,نجف,ذهبي,True,True,False,no_image,Needs review,
234,HT-818-APP-CPG,نجف معلق شمبانيا - HT-818 ,نجف,شمبانيا,True,True,False,no_image,Needs review,
235,HT-818-APP-GR,نجف معلق رمادي/فضي - HT-818 ,نجف,رمادي/فضي,True,True,False,no_image,Needs review,
236,HT-818-APP-FGD,نجف معلق ذهبي - HT-818 ,نجف,ذهبي,True,True,False,no_image,Needs review,
238,HT-819-APP-FGD,نجف معلق ذهبي - HT-819,نجف,ذهبي,True,True,False,no_image,Needs review,Image reassigned to sibling row 239 (APP-BK) based on color/model match; row 238 (APP-FGD) had no reliable image of its own.
239,HT-819-APP-BK,نجف معلق أسود - HT-819,نجف,أسود,True,True,False,present_unverified,Needs review,Image recovered from row 238's embedded photo (originally misattached); confirmed by descr 'R-HT-819-APP-BK' matching this row's color/family exactly.
240,HT-819-APP-WH,نجف معلق أبيض - HT-819,نجف,أبيض,True,True,False,no_image,Needs review,
241,HT-819-APP-CF,نجف معلق - HT-819,نجف,,True,True,False,no_image,Needs review,
242,HT-819-APP-GD,نجف معلق ذهبي - HT-819,نجف,ذهبي,True,True,False,no_image,Needs review,
244,HT-819-APP-GR,نجف معلق رمادي/فضي - HT-819,نجف,رمادي/فضي,True,True,False,no_image,Needs review,
268,HT-122-G33-APP-FGD,نجف معلق ذهبي - HT-122-G33,نجف,ذهبي,True,True,False,confirmed_family_or_swapped,Confirmed,
338,HT-155-DZ-007-FGD,نجف معلق ذهبي - HT-155,نجف,ذهبي,False,False,False,confirmed_family_or_swapped,Confirmed,
339,HT-155-DZ-16-FGD,نجف معلق ذهبي - HT-155,نجف,ذهبي,True,True,False,mismatched_unresolved,Needs review,
532,HT-864-DZ-7APP-BK,نجف معلق أسود - HT-864,نجف,أسود,True,True,False,mismatched_unresolved,Needs review,
534,HT-865-DZ-4APP-WH,نجف معلق أبيض - HT-865,نجف,أبيض,True,True,False,mismatched_unresolved,Needs review,
536,HT-866-DZ-10APP-BK,نجف معلق أسود - HT-866,نجف,أسود,True,True,False,mismatched_unresolved,Needs review,
541,HT-868-WH,نجف معلق أبيض - HT-868,نجف,أبيض,False,False,False,mismatched_unresolved,Needs review,
566,HT-876-Z038APP-WH,نجف معلق أبيض - HT-876,نجف,أبيض,True,True,False,mismatched_unresolved,Needs review,
594,HT-888-APP-FGD,نجف معلق ذهبي - HT-888,نجف,ذهبي,True,True,False,mismatched_unresolved,Needs review,
632,HT-907-Z-003-APP-BK,نجف معلق أسود - HT-907,نجف,أسود,True,True,False,mismatched_unresolved,Needs review,
640,HT-908-Z-002-APP-BK,نجف معلق أسود - HT-908,نجف,أسود,True,True,False,mismatched_unresolved,Needs review,
643,HT-908-Z-040-APP-BK,نجف معلق أسود - HT-908,نجف,أسود,True,True,False,mismatched_unresolved,Needs review,
645,HT-908-Z-042-APP-FGD,نجف معلق ذهبي - HT-908,نجف,ذهبي,True,True,False,mismatched_unresolved,Needs review,
653,HT-912-G20-APP-BK,نجف معلق أسود - HT-912-G20,نجف,أسود,True,True,False,mismatched_unresolved,Needs review,
655,HT-913-G35-APP-BK,نجف معلق أسود - HT-913-G35,نجف,أسود,True,True,False,mismatched_unresolved,Needs review,
665,HT-918-G23-A-APP-BK,نجف معلق أسود - HT-918-G23,نجف,أسود,True,True,False,mismatched_unresolved,Needs review,
669,HT-920-C29-BK,نجف معلق أسود - HT-920-C29,نجف,أسود,True,True,False,mismatched_unresolved,Needs review,
686,HT-927-APP-Z028-FGD,نجف معلق ذهبي - HT-927,نجف,ذهبي,True,True,False,mismatched_unresolved,Needs review,
693,HT-928-APP-Z047-WH,نجف معلق أبيض - HT-928,نجف,أبيض,True,True,False,mismatched_unresolved,Needs review,
703,HT-936-G40-APP-WH,نجف معلق أبيض - HT-936,نجف,أبيض,True,True,False,mismatched_unresolved,Needs review,
709,HT-941-G23-ET008-APP-FGD,نجف معلق ذهبي - HT-941-G23,نجف,ذهبي,True,True,False,mismatched_unresolved,Needs review,
716,HT-946-APP-BK,نجف معلق أسود - HT-946,نجف,أسود,True,True,False,mismatched_unresolved,Needs review,
734,HT-956-APP-CPG,نجف معلق شمبانيا - HT-956,نجف,شمبانيا,True,True,False,mismatched_unresolved,Needs review,
736,HT-957-APP-CPG,نجف معلق شمبانيا - HT-957,نجف,شمبانيا,True,True,False,mismatched_unresolved,Needs review,
737,HT-959-APP-CPG,نجف معلق شمبانيا - HT-959,نجف,شمبانيا,True,True,False,mismatched_unresolved,Needs review,
744,HT-965-APP-BK,نجف معلق أسود - HT-965,نجف,أسود,True,True,False,mismatched_unresolved,Needs review,
745,HT-966-APP-BK,نجف معلق أسود - HT-966,نجف,أسود,True,True,False,mismatched_unresolved,Needs review,
746,HT-968-APP-CPG,نجف معلق شمبانيا - HT-968,نجف,شمبانيا,True,True,False,mismatched_unresolved,Needs review,
748,HT-969-APP-CPG,نجف معلق شمبانيا - HT-969,نجف,شمبانيا,True,True,False,mismatched_unresolved,Needs review,
751,HT-972-A-APP-BK,نجف معلق أسود - HT-972,نجف,أسود,True,True,False,mismatched_unresolved,Needs review,
765,HT-984-APP-XZ012-CPG,نجف معلق شمبانيا - HT-984,نجف,شمبانيا,True,True,False,mismatched_unresolved,Needs review,
768,HT-985-APP-BK,نجف معلق أسود - HT-985,نجف,أسود,True,True,False,mismatched_unresolved,Needs review,
769,HT-988-EZ042-APP-BK,نجف معلق أسود - HT-988,نجف,أسود,True,True,False,mismatched_unresolved,Needs review,
770,HT-988-C29-EZ037-APP-BK,نجف معلق أسود - HT-988,نجف,أسود,True,True,False,mismatched_unresolved,Needs review,
782,HT-1004-APP-BK,نجف معلق أسود - HT-1004,نجف,أسود,True,True,False,mismatched_unresolved,Needs review,
785,HT-1006-Z041-APP-BK,نجف معلق أسود - HT-1006,نجف,أسود,True,True,False,mismatched_unresolved,Needs review,
799,HT-1014-Z036-APP-BK,نجف معلق أسود - HT-1014,نجف,أسود,True,True,False,mismatched_unresolved,Needs review,
814,HT-1038-Z042-APP-BK,نجف معلق أسود - HT-1038,نجف,أسود,True,True,False,mismatched_unresolved,Needs review,
881,RL-636-G16-APP-BK,نجف معلق أسود - RL-636-G16,نجف,أسود,True,True,False,mismatched_unresolved,Needs review,
901,RL-649-APP-WH,نجف معلق أبيض - RL-649,نجف,أبيض,True,True,False,mismatched_unresolved,Needs review,
910,RL-653-APP-WH,نجف معلق أبيض - RL-653,نجف,أبيض,True,True,False,mismatched_unresolved,Needs review,
932,RL-666-G23-A-APP-GR,نجف معلق رمادي/فضي - RL-666-G23,نجف,رمادي/فضي,True,True,False,mismatched_unresolved,Needs review,
948,RL-685-APP-BK,نجف معلق أسود - RL-685,نجف,أسود,True,True,False,mismatched_unresolved,Needs review,
950,RL-692-APP-BK,نجف معلق أسود - RL-692,نجف,أسود,True,True,False,mismatched_unresolved,Needs review,
951,RL-693-A-APP-BK,نجف معلق أسود - RL-693,نجف,أسود,True,True,False,mismatched_unresolved,Needs review,
952,RL-694-APP-BK,نجف معلق أسود - RL-694,نجف,أسود,True,True,False,mismatched_unresolved,Needs review,
956,RL-702-Z057-APP-BK,نجف معلق أسود - RL-702,نجف,أسود,True,True,False,mismatched_unresolved,Needs review,
1076,R-HTB223-BK,أبليك حائط أسود - R-HTB223,اباليك,أسود,False,False,False,mismatched_unresolved,Needs review,
