Image_Filename,Extracted_Code
WhatsApp Image 2026-08-20 at 11.47.03 PM.jpeg,8235-GD
WhatsApp Image 2026-08-20 at 11.47.05 PM.jpeg,1104-GD
WhatsApp Image 2026-08-20 at 11.54.59 PM.jpeg,8221-BK
WhatsApp Image 2026-08-20 at 11.55.00 PM.jpeg,8212-GD
WhatsApp Image 2026-08-20 at 11.55.08 PM.jpeg,5342-1-CH
WhatsApp Image 2026-08-20 at 11.55.13 PM.jpeg,9266-WH
WhatsApp Image 2026-08-20 at 11.55.14 PM (1).jpeg,1130-GD
WhatsApp Image 2026-08-20 at 11.55.14 PM.jpeg,7216-GD
WhatsApp Image 2026-08-20 at 11.55.15 PM (1).jpeg,9263-CH
WhatsApp Image 2026-08-20 at 11.55.15 PM.jpeg,8225-BK
WhatsApp Image 2026-08-20 at 11.55.16 PM (1).jpeg,9263-BK
WhatsApp Image 2026-08-20 at 11.55.16 PM.jpeg,9265-BK
WhatsApp Image 2026-08-20 at 11.55.17 PM (1).jpeg,2009-BK
WhatsApp Image 2026-08-20 at 11.55.17 PM.jpeg,2032-BK
WhatsApp Image 2026-08-20 at 11.55.18 PM.jpeg,8221-GD
WhatsApp Image 2026-08-20 at 11.55.19 PM (1).jpeg,1116-GD
WhatsApp Image 2026-08-20 at 11.55.19 PM.jpeg,2049-GD
WhatsApp Image 2026-08-20 at 11.55.20 PM.jpeg,8233-GD
WhatsApp Image 2026-08-20 at 11.58.02 PM.jpeg,1139-GD
WhatsApp Image 2026-08-21 at 12.09.49 AM.jpeg,8245-GAB
WhatsApp Image 2026-08-21 at 12.09.52 AM.jpeg,9250-GD
WhatsApp Image 2026-08-21 at 12.09.56 AM.jpeg,9244
WhatsApp Image 2026-08-21 at 12.09.58 AM.jpeg,9263-WH
WhatsApp Image 2026-08-21 at 12.10.01 AM.jpeg,2035-BK
WhatsApp Image 2026-08-21 at 12.10.02 AM.jpeg,1003-3GD
WhatsApp Image 2026-08-21 at 12.10.21 AM.jpeg,8219-GD
WhatsApp Image 2026-08-21 at 12.11.03 AM.jpeg,9262-GD
WhatsApp Image 2026-08-21 at 12.11.05 AM.jpeg,1109-GD
WhatsApp Image 2026-08-21 at 12.11.06 AM.jpeg,4853
WhatsApp Image 2026-08-21 at 12.11.07 AM (1).jpeg,5350-GD
WhatsApp Image 2026-08-21 at 12.11.07 AM.jpeg,8YC
WhatsApp Image 2026-08-21 at 12.11.08 AM.jpeg,8246-GAB
WhatsApp Image 2026-08-21 at 12.11.09 AM.jpeg,2026-GD
WhatsApp Image 2026-08-21 at 12.11.10 AM.jpeg,8222-GD
WhatsApp Image 2026-08-21 at 12.11.12 AM.jpeg,5351-GD
WhatsApp Image 2026-08-21 at 12.11.14 AM.jpeg,8238-GD
WhatsApp Image 2026-08-21 at 12.11.39 AM.jpeg,1101-GD
WhatsApp Image 2026-08-23 at 4.04.56 PM.jpeg,1005
WhatsApp Image 2026-08-23 at 4.04.57 PM (1).jpeg,1006
WhatsApp Image 2026-08-23 at 4.04.57 PM.jpeg,1002
WhatsApp Image 2026-08-23 at 4.04.58 PM (1).jpeg,J
WhatsApp Image 2026-08-23 at 4.04.58 PM.jpeg,1004
WhatsApp Image 2026-08-23 at 4.04.59 PM (1).jpeg,1013
WhatsApp Image 2026-08-23 at 4.04.59 PM.jpeg,J
WhatsApp Image 2026-08-23 at 4.05.00 PM (1).jpeg,1016CG
WhatsApp Image 2026-08-23 at 4.05.00 PM.jpeg,1007
WhatsApp Image 2026-08-23 at 4.05.01 PM (1).jpeg,J
WhatsApp Image 2026-08-23 at 4.05.01 PM.jpeg,10O8
WhatsApp Image 2026-08-23 at 4.05.02 PM.jpeg,2024
WhatsApp Image 2026-08-24 at 12.54.15 PM.jpeg,B.T LIGHTIG
WhatsApp Image 2026-08-24 at 12.54.22 PM.jpeg,207-WH
WhatsApp Image 2026-08-24 at 12.54.23 PM.jpeg,209-BK
WhatsApp Image 2026-08-24 at 12.54.24 PM.jpeg,106-MP3-C1OHAPP-BK
WhatsApp Image 2026-08-24 at 12.54.25 PM.jpeg,146-ARP-FGD
WhatsApp Image 2026-08-24 at 12.54.27 PM (1).jpeg,826-APP-FGD
WhatsApp Image 2026-08-24 at 12.54.27 PM.jpeg,151-G40-1-APP-FGD
WhatsApp Image 2026-08-24 at 12.54.28 PM.jpeg,828-APP-FGD
WhatsApp Image 2026-08-24 at 12.54.29 PM (1).jpeg,835-APP-FGD
WhatsApp Image 2026-08-24 at 12.54.29 PM.jpeg,836-APP-BK
WhatsApp Image 2026-08-24 at 12.54.30 PM (1).jpeg,871-APP-FGD
WhatsApp Image 2026-08-24 at 12.54.30 PM.jpeg,FTGTTG
WhatsApp Image 2026-08-24 at 12.54.31 PM (1).jpeg,925-G-33-APP-BK
WhatsApp Image 2026-08-24 at 12.54.31 PM.jpeg,TE
WhatsApp Image 2026-08-24 at 12.54.32 PM (1).jpeg,954-APP-CPG
WhatsApp Image 2026-08-24 at 12.54.32 PM.jpeg,8NGHN
WhatsApp Image 2026-08-24 at 12.55.17 PM.jpeg,JEE
WhatsApp Image 2026-08-24 at 12.55.22 PM.jpeg,653-APPSBK
WhatsApp Image 2026-08-24 at 12.55.23 PM.jpeg,LTGE
WhatsApp Image 2026-08-24 at 12.55.24 PM.jpeg,729-2
WhatsApp Image 2026-08-24 at 12.55.25 PM.jpeg,8-623-APP-GD
WhatsApp Image 2026-08-24 at 12.55.40 PM.jpeg,520001-500-BK
WhatsApp Image 2026-08-24 at 12.55.42 PM (1).jpeg,223-BK
WhatsApp Image 2026-08-24 at 12.55.42 PM.jpeg,52005-500-FGD
WhatsApp Image 2026-08-24 at 12.55.43 PM.jpeg,72722051-APP
WhatsApp Image 2026-08-24 at 12.55.44 PM (1).jpeg,618-APP-FGD
WhatsApp Image 2026-08-24 at 12.55.44 PM.jpeg,WFTA
WhatsApp Image 2026-08-24 at 12.55.45 PM (1).jpeg,649-APP-FGD
WhatsApp Image 2026-08-24 at 12.55.45 PM.jpeg,62--APP-FGD
WhatsApp Image 2026-08-24 at 12.55.46 PM (1).jpeg,653-A-APP-FGD
WhatsApp Image 2026-08-24 at 12.55.46 PM.jpeg,652-FGD
WhatsApp Image 2026-08-24 at 12.55.47 PM.jpeg,709-APP-FGD
WhatsApp Image 2026-08-24 at 12.58.04 PM (1).jpeg,:0
WhatsApp Image 2026-08-24 at 12.58.04 PM.jpeg,STNG
WhatsApp Image 2026-08-24 at 12.58.05 PM.jpeg,3-APP-GD
WhatsApp Image 2026-08-25 at 11.57.11 AM.jpeg,ING
WhatsApp Image 2026-08-25 at 11.57.12 AM (1).jpeg,18445-560-APP-GD
WhatsApp Image 2026-08-25 at 11.57.12 AM.jpeg,446YTIN
WhatsApp Image 2026-08-25 at 11.57.13 AM.jpeg,18449-5502APP-GD
WhatsApp Image 2026-08-25 at 11.57.14 AM (1).jpeg,18161-60-APP-GD
WhatsApp Image 2026-08-25 at 11.57.14 AM.jpeg,550-APP-GD
WhatsApp Image 2026-08-25 at 11.57.15 AM.jpeg,127-BK
WhatsApp Image 2026-08-25 at 11.57.16 AM (1).jpeg,106-MP3-C1OHAPP-BK
WhatsApp Image 2026-08-25 at 11.57.16 AM.jpeg,06-APP-MPB-BK
WhatsApp Image 2026-08-25 at 11.57.17 AM.jpeg,827-APP-FGD
WhatsApp Image 2026-08-25 at 11.57.18 AM (1).jpeg,@TT
WhatsApp Image 2026-08-25 at 11.57.18 AM (2).jpeg,9DI-T30-APP-BK
WhatsApp Image 2026-08-25 at 11.57.18 AM.jpeg,828-APP-BK
WhatsApp Image 2026-08-25 at 11.57.19 AM (1).jpeg,90-APP-CPG
WhatsApp Image 2026-08-25 at 11.57.19 AM.jpeg,3OHTTIG
WhatsApp Image 2026-08-25 at 11.57.20 AM.jpeg,960-APP-FGD
WhatsApp Image 2026-08-25 at 11.58.19 AM.jpeg,B.T LIGHTIG
WhatsApp Image 2026-08-25 at 11.58.20 AM.jpeg,464TUNG
WhatsApp Image 2026-08-25 at 11.58.21 AM (1).jpeg,2047-APP-BK
WhatsApp Image 2026-08-25 at 11.58.21 AM.jpeg,DA
WhatsApp Image 2026-08-25 at 11.58.22 AM (1).jpeg,42007-5D0-CG
WhatsApp Image 2026-08-25 at 11.58.22 AM (2).jpeg,42O01-S00-FGD
WhatsApp Image 2026-08-25 at 11.58.22 AM.jpeg,8TLTG
WhatsApp Image 2026-08-25 at 11.58.23 AM.jpeg,52001-800X350-BK
WhatsApp Image 2026-08-25 at 11.58.24 AM (1).jpeg,222-BK
WhatsApp Image 2026-08-25 at 11.58.24 AM.jpeg,213-BK
WhatsApp Image 2026-08-25 at 11.58.25 AM.jpeg,223-BK
WhatsApp Image 2026-08-25 at 11.58.26 AM (1).jpeg,650-G-23-APP-FGD
WhatsApp Image 2026-08-25 at 11.58.26 AM.jpeg,636-APP-G-23-APP
WhatsApp Image 2026-08-25 at 11.58.27 AM (1).jpeg,214-GD
WhatsApp Image 2026-08-25 at 11.58.27 AM.jpeg,5200
WhatsApp Image 2026-08-25 at 11.58.28 AM.jpeg,607-APP-FGD
WhatsApp Image 2026-08-25 at 12.03.40 PM.jpeg,T
WhatsApp Image 2026-08-26 at 6.53.30 PM.jpeg,"B,4 IGHTNG"
WhatsApp Image 2026-08-26 at 7.01.24 PM.jpeg,6-23-CF
WhatsApp Image 2026-08-26 at 7.01.25 PM.jpeg,146-6-23-BK
WhatsApp Image 2026-08-26 at 7.01.29 PM.jpeg,145-6-23-CPG
WhatsApp Image 2026-08-26 at 7.01.33 PM.jpeg,745-6-23-FG0
WhatsApp Image 2026-08-26 at 7.01.35 PM.jpeg,151-6-33-APP-FGD
WhatsApp Image 2026-08-26 at 7.01.36 PM.jpeg,40-APP-BK
WhatsApp Image 2026-08-26 at 7.01.37 PM.jpeg,805-APP-FGD
WhatsApp Image 2026-08-26 at 7.01.39 PM.jpeg,812FAPP-FGD
WhatsApp Image 2026-08-26 at 7.01.40 PM.jpeg,827-APP-BK
WhatsApp Image 2026-08-26 at 7.01.43 PM.jpeg,844-APP-FGD
WhatsApp Image 2026-08-26 at 7.01.45 PM.jpeg,845-XPP-FGD
WhatsApp Image 2026-08-26 at 7.01.46 PM.jpeg,8AEE
WhatsApp Image 2026-08-26 at 7.01.52 PM.jpeg,853-APP-WH
WhatsApp Image 2026-08-26 at 7.01.56 PM.jpeg,JEE
WhatsApp Image 2026-08-26 at 7.02.10 PM.jpeg,607-APP-FGD
WhatsApp Image 2026-08-26 at 7.02.12 PM.jpeg,608-APP-FGD
WhatsApp Image 2026-08-26 at 7.06.03 PM.jpeg,631-APPZFGD
WhatsApp Image 2026-08-26 at 7.06.08 PM.jpeg,646-A-APP-FGD
WhatsApp Image 2026-08-27 at 12.15.47 PM.jpeg,1137-GD
WhatsApp Image 2026-08-27 at 12.15.48 PM (1).jpeg,3117-WHI3
WhatsApp Image 2026-08-27 at 12.15.48 PM (2).jpeg,2015-WH
WhatsApp Image 2026-08-27 at 12.15.48 PM.jpeg,1103-GD
WhatsApp Image 2026-08-27 at 12.15.49 PM (1).jpeg,1S8
WhatsApp Image 2026-08-27 at 12.15.49 PM.jpeg,1123
WhatsApp Image 2026-08-27 at 12.15.50 PM (1).jpeg,2049-WH
WhatsApp Image 2026-08-27 at 12.15.50 PM.jpeg,3126-BK
WhatsApp Image 2026-08-27 at 12.15.51 PM (1).jpeg,2029-BK
WhatsApp Image 2026-08-27 at 12.15.51 PM.jpeg,2015-BK
WhatsApp Image 2026-08-27 at 12.15.52 PM (1).jpeg,1121-CH
WhatsApp Image 2026-08-27 at 12.15.52 PM.jpeg,1121-GD
WhatsApp Image 2026-08-27 at 12.15.53 PM (1).jpeg,133
WhatsApp Image 2026-08-27 at 12.15.53 PM (2).jpeg,1145-GD
WhatsApp Image 2026-08-27 at 12.15.53 PM.jpeg,1143-GD
WhatsApp Image 2026-08-27 at 12.15.54 PM.jpeg,2049-GD
WhatsApp Image 2026-08-30 at 2.33.51 PM.jpeg,2305-CF
WhatsApp Image 2026-09-02 at 4.50.05 PM.jpeg,702-EZ003-APP-BK
